Name,Surname,Department,Start Date
Bradley,Chandler,Accounting,2020-04-26
Dean,Gilmore,Accounting,2018-01-10
Lucius,Glass,Advertising,2019-01-13
Cailin,Mills,Data Analysis,2018-07-27
Audra,Cobb,Research and Development,2019-05-26
Desiree,Delacruz,Data Analysis,2018-05-05
Alfreda,Ryan,DevOps,2018-07-13
Hamilton,Manning,Media Relations,2018-03-09
Lyle,Schultz,Legal Department,2020-01-08
Hu,Hyde,Customer Service,2019-10-16
Melanie,David,Software Development,2020-06-27
Rogan,Miranda,Payroll,2019-04-15
Casey,Tate,Legal Department,2018-02-16
Nell,Ewing,Accounting,2019-05-23
Hayden,Puckett,IT Support,2019-07-09
Britanni,Burgess,DevOps,2019-11-11
Halla,Cantu,IT Support,2020-04-22
Yoshio,Pittman,Asset Management,2018-11-01
Scott,Nelson,Accounting,2019-04-24
Barry,Fry,Legal Department,2018-05-15
Aurora,Sanford,Asset Management,2020-06-13
Oleg,Noble,Media Relations,2020-05-07
Reuben,Stevens,Customer Service,2018-02-26
Fleur,Baker,Legal Department,2019-01-26
Fritz,Tanner,Quality Assurance,2019-07-08
Roth,Foster,Accounting,2020-01-09
Jennifer,Murphy,Customer Relations,2020-04-29
Raymond,Pate,Accounting,2020-05-16
Edward,Nichols,Software Development,2018-02-08
Malcolm,Harvey,Customer Service,2019-08-23
Wesley,Weaver,Asset Management,2019-07-30
Hedwig,Cain,Legal Department,2020-01-20
Beverly,Vasquez,Customer Relations,2018-08-12
Neil,Glass,Finances,2018-01-25
Zeus,Kirk,Advertising,2019-08-24
Brynn,Miles,Research and Development,2020-01-14
Price,Ferrell,Customer Relations,2018-10-13
Linus,Perry,Data Analysis,2019-07-05
Abigail,Bishop,Human Resources,2018-07-03
Chancellor,Kline,Software Development,2019-05-01
Micah,Bentley,Public Relations,2019-12-04
Burton,Sears,IT Support,2018-04-25
Tatyana,Perkins,Customer Relations,2018-08-15
Dana,Miles,Customer Service,2019-04-10
Desirae,Gaines,Advertising,2020-02-09
Ezra,Santos,Human Resources,2018-12-07
Dane,Schwartz,Asset Management,2018-01-03
Lareina,Mercado,Human Resources,2018-03-07
Tanek,Burton,Accounting,2020-01-13
May,Oliver,Software Development,2019-02-20
Kyle,Roach,Customer Relations,2020-06-02
Hoyt,Kramer,DevOps,2019-08-01
Yetta,Thomas,Sales and Marketing,2019-11-19
Nigel,Oneill,Quality Assurance,2019-09-19
Sheila,Richards,Advertising,2019-03-18
Orlando,Stanley,Advertising,2019-08-04
Bethany,Byers,Advertising,2018-09-25
Deacon,Blevins,Quality Assurance,2019-12-31
Lewis,Ochoa,Sales and Marketing,2018-02-02
Evangeline,Cooley,Payroll,2019-10-31
Benjamin,Vang,Asset Management,2018-07-16
Logan,Sharp,Sales and Marketing,2019-02-03
Hedwig,Bullock,Software Development,2018-11-17
Adam,Knowles,Finances,2018-04-12
Laith,Moreno,Accounting,2020-03-07
Kyla,Gay,Payroll,2020-01-13
Megan,Reed,Public Relations,2019-12-11
Ruby,Travis,Accounting,2019-09-08
Benedict,Mathis,Customer Relations,2019-09-13
Tashya,Schroeder,Payroll,2018-01-08
Hayden,Pollard,Customer Relations,2019-04-13
Giselle,Chavez,Accounting,2020-04-14
Baxter,Combs,Customer Service,2019-07-20
Madonna,Perkins,Data Analysis,2019-08-02
Indigo,Chen,Quality Assurance,2018-01-15
Olivia,Frederick,Finances,2020-01-24
Amery,Gardner,IT Support,2018-06-16
Erica,Compton,Customer Relations,2018-05-01
Kylan,Spencer,Quality Assurance,2019-02-11
Ryder,Adams,IT Support,2019-05-07
Raven,Benton,Advertising,2019-04-09
Vera,Carver,Asset Management,2020-04-22
Julie,Bates,Customer Service,2018-04-12
Phyllis,Miller,Finances,2019-02-28
Tiger,May,Public Relations,2018-01-08
Lesley,Fuentes,Quality Assurance,2019-10-16
Xandra,Gonzalez,Research and Development,2020-01-24
Brianna,Soto,Data Analysis,2018-03-25
Liberty,Pena,Advertising,2020-06-06
Ulla,Fulton,Human Resources,2019-12-13
Clio,Petersen,Data Analysis,2018-02-28
MacKenzie,Murphy,Research and Development,2019-11-26
Macon,Livingston,Legal Department,2019-01-11
Dylan,Jackson,DevOps,2018-02-26
Michael,Pickett,Software Development,2019-01-14
Xyla,Ferrell,Human Resources,2020-06-28
Nicholas,Brock,Quality Assurance,2020-06-24
Audra,Reyes,Advertising,2018-07-22
Maris,Rivera,Asset Management,2018-08-30
Dana,Harrington,IT Support,2019-02-21
India,Brock,Data Analysis,2018-03-30
Carol,Mathis,Data Analysis,2018-03-30
Ivory,Mccullough,DevOps,2020-02-11
Desirae,Cash,Data Analysis,2019-07-09
Chadwick,Dillon,Legal Department,2018-04-15
Ralph,Griffith,Customer Relations,2018-12-11
Plato,Taylor,Customer Service,2018-11-14
Bruno,Wallace,Human Resources,2020-05-17
Kelly,Dillon,Software Development,2019-03-30
Gavin,Garrett,Legal Department,2019-02-23
Giacomo,Duffy,Quality Assurance,2020-02-26
Gemma,Booker,Legal Department,2020-05-22
Jonas,Moon,DevOps,2018-04-30
Lydia,Mills,Quality Assurance,2019-05-23
Shellie,Poole,Research and Development,2019-12-15
Iris,Ramirez,Legal Department,2018-04-27
Nathaniel,Puckett,Asset Management,2019-02-17
Aladdin,Knight,Sales and Marketing,2019-08-23
Audra,Horn,Media Relations,2019-06-03
Hayes,Whitley,Media Relations,2019-10-31
Eric,Blackburn,Asset Management,2019-09-17
Blake,Franco,Sales and Marketing,2020-05-28
Stewart,Simmons,Human Resources,2020-02-29
Anne,Giles,Customer Relations,2019-03-11
Oleg,Love,Advertising,2018-12-09
Jason,Meyer,Customer Service,2019-09-26
Casey,Gross,Customer Service,2019-01-26
Ronan,Daugherty,Data Analysis,2018-12-04
Adrienne,Higgins,Asset Management,2019-06-08
Andrew,Donaldson,Software Development,2019-01-15
Hedy,Guzman,IT Support,2018-05-20
Fiona,Montoya,IT Support,2020-03-24
Idola,Warren,Customer Relations,2019-10-15
Jenna,Odom,Sales and Marketing,2019-05-02
Keane,Greer,Public Relations,2019-02-18
Patience,Mann,Quality Assurance,2018-06-08
Lillith,Pace,Payroll,2018-02-02
Lucas,Fuentes,Asset Management,2019-04-05
Darryl,Levy,Human Resources,2019-04-30
Constance,Rocha,Human Resources,2019-08-13
Cade,Grant,Media Relations,2019-12-09
Denise,Wilkins,Customer Relations,2019-03-30
Lane,Newman,Customer Service,2020-01-14
Amela,Grant,Quality Assurance,2020-03-15
Lynn,Fowler,Sales and Marketing,2018-07-12
Leigh,Willis,Data Analysis,2020-01-13
Lionel,Wells,Advertising,2019-05-14
Clare,Saunders,Research and Development,2019-01-21
Richard,Dillon,Software Development,2019-01-19
Kaden,Moon,IT Support,2020-04-23
Jameson,Rowland,Customer Relations,2018-07-13
Otto,Bird,IT Support,2019-05-28
Hyacinth,Holman,Legal Department,2018-08-23
TaShya,Pruitt,Research and Development,2020-03-10
Ryan,Garrett,IT Support,2018-10-26
Dalton,Dennis,Legal Department,2018-02-07
David,Lamb,Legal Department,2019-05-29
Hiram,Browning,Public Relations,2018-01-21
Xaviera,Spence,Human Resources,2019-08-06
Gretchen,Holden,Accounting,2020-03-12
Rigel,Stafford,Asset Management,2018-10-02
Linda,Figueroa,Payroll,2019-08-19
Amelia,Bowen,DevOps,2019-08-24
Sigourney,Cameron,Public Relations,2018-07-27
Ian,Petty,Payroll,2018-08-19
Kibo,Barron,Payroll,2018-12-30
Teagan,Dodson,Accounting,2019-07-30
Emi,William,Sales and Marketing,2019-12-15
Quintessa,Ramsey,Finances,2019-08-31
Leilani,May,DevOps,2018-09-22
Gretchen,Schroeder,Human Resources,2018-03-20
Maxwell,Crosby,Legal Department,2018-04-03
Aurelia,Campbell,Asset Management,2019-10-01
Jermaine,Newman,DevOps,2020-04-18
James,Schwartz,DevOps,2018-10-11
Garrison,Keith,DevOps,2020-04-13
Arthur,Bradley,DevOps,2018-10-18
Adara,Mclaughlin,Data Analysis,2019-02-12
Summer,Fowler,DevOps,2018-03-27
Carolyn,Whitney,Media Relations,2018-08-05
Cally,Gilmore,Media Relations,2019-11-24
Nicholas,Neal,Finances,2018-09-08
Roanna,Barry,Legal Department,2019-09-28
Oscar,Copeland,Finances,2018-05-28
Drake,English,Media Relations,2020-03-12
Keane,Randall,Software Development,2019-06-19
Jescie,Bray,Finances,2018-11-03
Grant,Daugherty,Public Relations,2020-06-30
Belle,Lane,Data Analysis,2019-06-02
Katelyn,May,Payroll,2018-01-23
Margaret,Hooper,Asset Management,2020-01-05
Georgia,Larson,Finances,2019-09-01
Rashad,Mcconnell,Legal Department,2018-10-08
Irene,Dudley,Software Development,2018-02-25
Iona,Mckee,Finances,2020-02-15
Lavinia,Whitfield,Finances,2020-05-10
Maile,Hughes,Legal Department,2019-09-11
Haviva,Morrow,Research and Development,2019-07-08
Grady,Charles,Customer Service,2018-09-13
Walker,Cline,Public Relations,2019-03-27
Brendan,Pugh,Quality Assurance,2019-08-25
Honorato,Solomon,Customer Service,2019-05-24
Anjolie,Powell,IT Support,2019-10-01
Fatima,Kerr,IT Support,2019-11-16
Keefe,Logan,Payroll,2020-01-28
George,Frazier,Advertising,2018-12-28
Vivien,Stark,Accounting,2018-03-08
Kyra,Vance,Data Analysis,2020-06-10
Serena,Hodge,Customer Relations,2019-08-06
Ivana,Bowen,Software Development,2018-07-29
Oleg,Williamson,Sales and Marketing,2018-09-27
Sage,Frye,Accounting,2018-11-30
Keane,Tanner,Sales and Marketing,2018-05-09
Ivan,Dillard,Public Relations,2020-02-06
Malachi,Mccullough,Public Relations,2019-02-27
Hillary,Vega,DevOps,2020-01-23
George,William,DevOps,2019-12-19
Bert,Burke,Software Development,2018-06-01
Rudyard,Williamson,Accounting,2019-05-06
Lars,Roth,Legal Department,2018-09-28
Uriah,Moss,Customer Service,2018-08-03
Carter,Cummings,Customer Service,2018-12-25
Branden,Cabrera,Customer Relations,2018-09-29
Ruby,Richard,Asset Management,2020-01-05
Aurora,Macias,Public Relations,2020-05-19
Leilani,Ayala,Legal Department,2018-06-08
Tanek,Edwards,DevOps,2020-06-04
Taylor,Butler,Legal Department,2019-04-07
Marsden,Oneill,Human Resources,2019-10-02
Dominic,Barlow,Customer Relations,2018-07-04
Vaughan,Carter,Sales and Marketing,2018-01-30
Fay,Schroeder,Sales and Marketing,2019-03-15
Colt,Mcdaniel,Media Relations,2018-03-03
Kane,Rosa,Software Development,2020-03-09
Jamalia,Clarke,Sales and Marketing,2018-09-06
Joy,Hicks,Asset Management,2018-01-25
Kiona,Nguyen,Data Analysis,2020-06-11
Quynn,Parsons,Advertising,2020-06-25
Eleanor,Hood,Accounting,2019-07-09
Eve,Meyer,Software Development,2019-02-04
Laura,Richmond,Customer Service,2018-03-13
Yoko,Gray,Legal Department,2018-09-16
Nathan,Mays,Software Development,2019-05-20
Janna,Green,Accounting,2020-03-04
Jasmine,Howard,Public Relations,2018-07-13
Tana,Calhoun,Payroll,2018-12-12
Lucas,Myers,Data Analysis,2018-09-02
Echo,Foster,Human Resources,2018-01-26
Brody,Carter,Sales and Marketing,2018-01-13
Karyn,Roy,Payroll,2019-12-13
Jarrod,Nicholson,Payroll,2020-06-20
Alma,Ford,Quality Assurance,2018-05-31
Jesse,Wade,Research and Development,2020-01-25
Quon,Figueroa,Payroll,2018-07-17
Hu,Simpson,Sales and Marketing,2019-06-27
Lane,Mendoza,Asset Management,2018-10-19
Cherokee,Dillard,Customer Service,2019-09-06
Candice,Malone,Public Relations,2019-10-03
Dylan,Mcfadden,Media Relations,2018-04-05
Lilah,Hanson,DevOps,2019-12-01
Slade,Roman,Asset Management,2019-11-20
Jonah,Mcdowell,Software Development,2018-06-19
Quamar,Stewart,Media Relations,2019-10-04
Lee,Phelps,Advertising,2018-05-04
Felix,Hunt,Advertising,2018-11-14
Asher,Sawyer,Research and Development,2018-08-01
Isabelle,Jefferson,Data Analysis,2019-08-15
Simone,Cash,Payroll,2018-10-06
Jelani,Fernandez,Software Development,2019-03-22
Branden,Hammond,DevOps,2018-07-24
Martin,Dalton,Legal Department,2019-03-03
Kasper,Alford,DevOps,2018-01-27
Paul,Spears,Finances,2019-05-06
Mary,Molina,Payroll,2019-10-18
Connor,Grimes,Asset Management,2020-01-19
Ainsley,Knight,Accounting,2019-01-21
Adrienne,Dalton,Payroll,2019-09-02
Jack,Franco,DevOps,2020-05-03
Benjamin,Blake,Quality Assurance,2019-03-05
Xerxes,James,Data Analysis,2019-03-06
Savannah,Wise,Data Analysis,2018-10-04
Justina,Hogan,Software Development,2019-09-29
Keaton,Edwards,Customer Service,2019-03-17
Rose,Compton,Sales and Marketing,2020-01-16
Mary,Eaton,Data Analysis,2018-08-11
Kirsten,Bernard,IT Support,2018-06-13
Knox,Williamson,Customer Relations,2019-02-15
Wesley,Crane,Customer Relations,2018-10-07
Venus,Love,Legal Department,2019-05-28
Michelle,Nielsen,Quality Assurance,2018-05-09
Aubrey,Kim,Media Relations,2018-04-19
Katell,Gill,Media Relations,2020-06-25
Jessamine,Myers,Sales and Marketing,2019-04-18
Kelsey,Adkins,Accounting,2020-06-29
Aidan,Schroeder,Public Relations,2020-03-13
Duncan,Lowery,Customer Service,2018-07-27
Ciaran,Chavez,Sales and Marketing,2019-11-07
Mannix,Estes,Accounting,2020-03-09
Morgan,Massey,Data Analysis,2019-07-26
Zephr,Woodward,Research and Development,2018-04-13
Virginia,Gordon,Software Development,2018-04-20
Felix,Parks,Data Analysis,2019-01-29
Eric,Giles,Advertising,2019-07-01
Ivory,Glenn,Customer Service,2018-02-11
Zelda,Deleon,Accounting,2018-12-27
Tate,Chang,IT Support,2020-03-27
Zeph,English,Sales and Marketing,2020-03-10
Olga,Vincent,Media Relations,2018-10-12
Henry,Bullock,Software Development,2018-08-01
Rina,Mcfarland,Public Relations,2018-02-10
Vera,Mccullough,Human Resources,2018-05-02
Neil,Warner,Media Relations,2019-02-05
Macy,Walls,DevOps,2019-11-22
Xaviera,Carlson,Data Analysis,2019-08-05
Brenda,Barton,IT Support,2019-07-22
Neville,Ball,DevOps,2019-05-26
Colin,Maddox,Payroll,2020-02-05
Lee,Jacobs,Customer Relations,2020-02-17
Samantha,Lee,Sales and Marketing,2018-06-11
Aurelia,Giles,Legal Department,2018-01-01
Vance,Hardin,Asset Management,2018-03-26
Fallon,Neal,Accounting,2018-12-10
Giselle,Dillon,Advertising,2020-04-24
Vaughan,English,Asset Management,2019-05-06
Gwendolyn,Castillo,Accounting,2018-12-24
Gage,Vega,DevOps,2019-03-04
Sydnee,Pickett,Customer Service,2018-02-05
Josiah,Stuart,Quality Assurance,2018-08-01
Elton,Schmidt,Customer Service,2018-05-16
Hyacinth,Mack,Legal Department,2018-09-08
Lucy,Wade,Research and Development,2019-02-25
Miranda,Vasquez,Asset Management,2019-06-08
Diana,Mccall,Quality Assurance,2019-02-14
Jasper,Gibbs,Research and Development,2018-05-24
Elvis,Davidson,Finances,2019-09-19
Ali,Tate,Data Analysis,2018-08-18
Wynne,Anthony,IT Support,2019-12-20
Tallulah,Dean,Advertising,2018-05-23
Chase,Chandler,Human Resources,2019-05-10
Lawrence,Berger,Data Analysis,2018-12-09
Bradley,Workman,Advertising,2018-02-09
Rosalyn,Bullock,Human Resources,2019-08-19
Tasha,Hodge,Customer Service,2020-01-04
Carol,Weiss,Legal Department,2019-10-22
Ferris,Benton,Finances,2018-07-05
Kalia,Perez,Software Development,2020-05-13
Thaddeus,Hughes,Public Relations,2019-07-14
Eleanor,Dorsey,Human Resources,2019-03-29
Jaden,Lowe,Customer Service,2018-06-24
Darius,Goodman,Legal Department,2019-10-06
Josiah,Morrow,Customer Service,2020-03-09
Hedley,Phelps,Advertising,2018-08-01
Kelly,Byrd,Research and Development,2018-09-14
Isabelle,Harper,Public Relations,2018-12-18
Alexander,Dillard,Research and Development,2019-08-28
Neil,Orr,Payroll,2018-12-22
Halla,Henry,DevOps,2018-04-20
Judah,Sloan,Media Relations,2018-05-31
Myra,Chambers,Data Analysis,2018-06-20
Allistair,Mcdaniel,Accounting,2019-06-01
Laura,Chan,Research and Development,2018-12-08
Linus,Cantrell,DevOps,2020-04-04
Fatima,Robinson,Legal Department,2019-09-06
Curran,Farley,Human Resources,2019-01-12
Harding,Mcmillan,Quality Assurance,2019-07-04
Ella,Sloan,Quality Assurance,2019-08-24
Rhiannon,Dodson,Customer Service,2020-03-09
Reese,Franks,Advertising,2018-10-14
Stewart,Todd,Public Relations,2019-05-01
Kay,Pratt,Public Relations,2020-03-24
Kristen,Christensen,Quality Assurance,2018-01-29
Jerome,Livingston,Advertising,2018-02-19
Heather,Warren,Data Analysis,2018-07-02
Thane,Rich,Customer Relations,2020-01-26
Kiara,Farrell,Research and Development,2019-11-27
Justin,Dalton,Payroll,2019-10-17
Holmes,Kent,Advertising,2018-09-08
Alana,Potts,DevOps,2018-01-26
Clementine,Ford,Quality Assurance,2018-10-20
Darrel,Mccray,Customer Service,2019-07-19
Carson,Finley,DevOps,2019-08-20
Beck,Padilla,Quality Assurance,2018-09-21
Gregory,Berger,Customer Relations,2018-07-25
Phelan,Fields,Quality Assurance,2019-12-27
Kylan,Mccormick,Public Relations,2019-04-26
Jordan,Golden,Finances,2020-06-27
Yoshi,Molina,Sales and Marketing,2020-01-02
Tobias,Mcleod,Advertising,2020-03-05
Alfonso,Jackson,Media Relations,2018-03-25
Kennedy,Harrington,Customer Relations,2019-06-06
Kessie,Rutledge,Payroll,2018-12-14
Rafael,Vaughan,Advertising,2020-05-13
Lucy,Calhoun,Accounting,2019-01-05
Paula,Norris,Public Relations,2018-12-06
Jarrod,Carlson,Media Relations,2018-01-07
Wyoming,Pacheco,Advertising,2019-06-02
Iris,George,Public Relations,2018-04-02
Devin,Foley,Accounting,2019-05-04
Stewart,Weeks,Advertising,2018-05-15
Amaya,Mercado,DevOps,2020-03-13
